ts,scenario,label,n_packets,total_bytes,cache_misses,instructions,branch_misses
1785726668.489299,benign,0,232,20630,2458582.0,536908267.0,2667274.0
1785726669.5061948,benign,0,148,16070,1012109.0,390917357.0,1189887.0
1785726670.5226336,benign,0,108,13022,1446753.0,622568422.0,1349922.0
1785726671.5391665,benign,0,116,13642,2368627.0,475276856.0,1518367.0
1785726672.555621,benign,0,140,15460,1005198.0,390061414.0,1129161.0
1785726673.5776691,benign,0,124,14244,3104817.0,560399488.0,2313736.0
1785726674.600239,benign,0,116,13626,2247737.0,484679160.0,1777621.0
1785726675.6224756,benign,0,132,14854,958889.0,384462974.0,1078973.0
1785726676.6452456,benign,0,132,14850,957595.0,384763699.0,1081057.0
1785726677.6677008,benign,0,132,14854,970855.0,438237476.0,1093886.0
1785726678.6905584,benign,0,132,14862,971376.0,388956688.0,1093449.0
1785726679.712807,benign,0,124,14252,966063.0,395372872.0,1100882.0
1785726680.7352133,benign,0,132,14854,1051876.0,465978823.0,1143266.0
1785726681.75745,benign,0,124,14248,956318.0,384734982.0,1076017.0
1785726682.779559,benign,0,116,13632,949164.0,384828252.0,1061632.0
1785726683.8018775,benign,0,132,14852,3579546.0,684822940.0,2600994.0
1785726684.8240638,benign,0,124,14250,2285284.0,504966626.0,1810247.0
1785726685.8463728,benign,0,146,15786,1023489.0,394221666.0,1155136.0
1785726686.868878,benign,0,122,14066,955819.0,385632692.0,1082297.0
1785726687.8910525,benign,0,124,14240,952725.0,383665399.0,1068521.0
1785726688.913333,benign,0,132,14858,988613.0,386959777.0,1119987.0
1785726689.9355812,benign,0,124,14236,960180.0,386989953.0,1087127.0
1785726690.9580145,benign,0,124,14244,1034447.0,442309305.0,1129390.0
1785726691.9801743,benign,0,124,14246,961853.0,386055073.0,1092089.0
1785726693.0025165,benign,0,124,14254,954680.0,388164743.0,1075087.0
1785726694.0245862,benign,0,124,14246,3211514.0,581867979.0,2515841.0
1785726695.041068,benign,0,116,13630,2235260.0,514428694.0,1760841.0
1785726696.0576217,benign,0,124,14242,945633.0,383933010.0,1063769.0
1785726697.073752,benign,0,132,14854,1379309.0,620093959.0,1344884.0
1785726698.090344,benign,0,116,13638,948685.0,390320286.0,1059880.0
1785726699.1071746,benign,0,124,14250,1023849.0,397960052.0,1148577.0
1785726700.1295476,benign,0,140,15466,984156.0,392250015.0,1120381.0
1785726701.1565552,benign,0,130,15932,1059273.0,489602239.0,1150776.0
1785726702.187522,benign,0,136,17194,2895104.0,751875575.0,3085636.0
1785726703.2395792,benign,0,134,14990,2189770.0,519962089.0,1872403.0
1785726704.262325,benign,0,156,18226,3207250.0,661616638.0,2337868.0
1785726705.2790008,benign,0,108,13024,1653234.0,425857967.0,1275063.0
1785726706.295196,benign,0,124,14248,952370.0,383415249.0,1066478.0
1785726707.3118503,benign,0,132,14860,962509.0,384727609.0,1085952.0
1785726708.3284786,benign,0,132,14856,964576.0,385739712.0,1080462.0
1785726709.3508372,benign,0,140,15464,967426.0,388570717.0,1096367.0
1785726710.3707545,benign,0,124,14232,1468862.0,600054809.0,1378126.0
1785726711.387308,benign,0,108,13024,949290.0,385051314.0,1067709.0
1785726712.403708,benign,0,140,15464,1009816.0,387630446.0,1091207.0
1785726713.4201343,benign,0,132,14852,3155738.0,565677661.0,2293019.0
1785726714.4367712,benign,0,132,14858,2261981.0,486720321.0,1762776.0
1785726715.4532003,benign,0,116,13644,953519.0,385271943.0,1066146.0
1785726716.4755075,benign,0,132,14854,1012261.0,391675769.0,1127672.0
1785726717.4979343,benign,0,124,14242,970634.0,384518662.0,1088924.0
1785726718.5204856,benign,0,116,13632,953899.0,383704919.0,1070542.0
1785726719.5432467,benign,0,128,14638,1013277.0,477123389.0,1144041.0
1785726720.5658708,benign,0,124,14246,1054582.0,489907590.0,1149865.0
1785726721.588231,benign,0,124,14244,949800.0,384410123.0,1069961.0
1785726722.6108484,benign,0,124,14248,1392609.0,560299956.0,1341105.0
1785726723.633361,benign,0,132,14856,3248449.0,592344936.0,2411169.0
1785726724.6560943,benign,0,132,14852,2244720.0,485183478.0,1771567.0
1785726725.678814,benign,0,116,13636,955354.0,385602103.0,1081074.0
1785726726.700822,benign,0,124,14248,965164.0,385852521.0,1090310.0
1785726727.7234068,benign,0,174,17260,1009159.0,391535928.0,1160650.0
1785726728.745655,benign,0,150,15612,1030335.0,392990495.0,1152664.0
1785726729.7682738,benign,0,124,14244,995098.0,390517686.0,1166735.0
1785726730.7903426,benign,0,124,14248,1052245.0,482404487.0,1147726.0
1785726731.812571,benign,0,124,14238,974174.0,388461172.0,1129231.0
1785726732.8350873,benign,0,124,14240,1007776.0,400632133.0,1136688.0
1785726733.856932,benign,0,124,14246,3364850.0,643847507.0,2724430.0
1785726734.877447,benign,0,124,14248,2286909.0,491646180.0,1806621.0
1785726735.899532,benign,0,132,14850,1364116.0,516638104.0,1322668.0
1785726736.921419,benign,0,124,14244,971601.0,444408189.0,1102738.0
1785726737.9436471,benign,0,116,13636,2331072.0,468209890.0,1490191.0
1785726738.9661171,benign,0,124,14246,965021.0,400050129.0,1115364.0
1785726739.9884548,benign,0,140,15458,990899.0,391617525.0,1129848.0
1785726741.0110254,benign,0,116,13640,1027092.0,475075547.0,1121786.0
1785726742.033464,benign,0,124,14242,951661.0,383717657.0,1071599.0
1785726743.05557,benign,0,124,14246,964725.0,411217535.0,1090797.0
1785726744.077792,benign,0,124,14232,3157752.0,566466970.0,2326927.0
1785726745.1003838,benign,0,132,14852,2276167.0,495093001.0,1818576.0
1785726746.1230114,benign,0,132,14748,1011097.0,391953804.0,1139569.0
1785726747.1454642,benign,0,130,14684,967168.0,384689480.0,1089611.0
1785726748.1792014,benign,0,142,18890,1127731.0,423649951.0,1188327.0
1785726749.206073,benign,0,130,15446,1324606.0,588195365.0,1451015.0
1785726750.226191,benign,0,134,14998,1078754.0,491292470.0,1186512.0
1785726751.2474754,benign,0,150,17018,973561.0,385369226.0,1110910.0
1785726752.2668006,benign,0,116,13640,949569.0,384177887.0,1064594.0
1785726753.2865672,benign,0,124,14236,946402.0,385020612.0,1057328.0
1785726754.306762,benign,0,124,14224,3153337.0,565107505.0,2349343.0
1785726755.3266542,benign,0,124,14238,2253525.0,482697536.0,1772364.0
1785726756.347616,benign,0,116,13642,948859.0,385702429.0,1077833.0
1785726757.3676603,benign,0,124,14238,955811.0,384046559.0,1081843.0
1785726758.3905458,benign,0,132,14858,1027982.0,412938519.0,1142492.0
1785726759.4128816,benign,0,124,14246,953574.0,385629856.0,1078151.0
1785726760.4352756,benign,0,132,14856,1440633.0,599113298.0,1384922.0
1785726761.457857,benign,0,124,14248,986068.0,396416062.0,1133122.0
1785726762.4801855,benign,0,116,13628,996019.0,389594189.0,1101382.0
1785726763.5029757,benign,0,124,14246,961780.0,404227265.0,1085734.0
1785726764.5315995,benign,0,132,14860,3127088.0,561835813.0,2324366.0
1785726765.5583978,benign,0,124,14252,1220100.0,428965986.0,1361046.0
1785726766.5807278,benign,0,124,14246,956942.0,385627875.0,1093367.0
1785726767.6024706,benign,0,132,14858,2345696.0,466692757.0,1507030.0
1785726768.6186726,benign,0,124,14240,968297.0,414420586.0,1081485.0
1785726769.6352868,benign,0,124,14244,962238.0,385216687.0,1083740.0
1785726770.6520946,benign,0,132,14852,1063646.0,457253895.0,1141854.0
1785726771.668426,benign,0,124,14250,962917.0,385492779.0,1086683.0
1785726772.6851945,benign,0,132,14846,961266.0,383544295.0,1078128.0
1785726773.706953,benign,0,132,14854,2642494.0,727985080.0,2124578.0
1785726774.7234545,benign,0,124,14244,3359356.0,576270980.0,2388164.0
1785726775.7396438,benign,0,116,13640,1011378.0,390925875.0,1115233.0
1785726776.7557795,benign,0,124,14242,961364.0,385507510.0,1078692.0
1785726777.771872,benign,0,124,14244,958816.0,477966219.0,1079514.0
1785726778.788585,benign,0,116,13636,956623.0,385801906.0,1068881.0
1785726779.8112638,benign,0,132,14856,1011429.0,398644679.0,1153197.0
1785726780.833553,benign,0,132,14846,1069364.0,529781093.0,1162326.0
1785726781.8622537,benign,0,116,13638,959733.0,390249274.0,1085912.0
1785726782.8844628,benign,0,124,14252,982555.0,423434516.0,1094169.0
1785726783.906846,benign,0,124,14250,2096030.0,484975025.0,1754625.0
1785726784.9339397,benign,0,124,14244,4560322.0,670974469.0,2580093.0
1785726785.956207,benign,0,124,14248,953807.0,384733866.0,1088218.0
1785726786.9786031,benign,0,124,14236,1345713.0,611242717.0,1320998.0
1785726788.0009646,benign,0,136,14880,962472.0,385274733.0,1089807.0
1785726789.0233347,benign,0,180,17392,1065596.0,447529147.0,1211564.0
1785726790.0462103,benign,0,132,14858,991554.0,389746377.0,1179648.0
1785726791.0685575,benign,0,116,13636,1038359.0,446929673.0,1123736.0
1785726792.091133,benign,0,124,14242,1001177.0,392647868.0,1149329.0
1785726793.1135828,benign,0,132,14856,978619.0,429859906.0,1119120.0
1785726794.1358988,benign,0,132,14838,3113582.0,561069678.0,2320706.0
1785726795.1564052,benign,0,122,15328,2247741.0,484185617.0,1725535.0
1785726796.1804984,benign,0,144,17810,1165554.0,522718164.0,1278013.0
1785726797.1984289,benign,0,122,14840,1000059.0,404954277.0,1129623.0
1785726798.2152665,benign,0,152,17160,956360.0,383783631.0,1067693.0
1785726799.2317712,benign,0,124,14248,1371490.0,500460599.0,1324368.0
1785726800.24957,benign,0,124,14242,1037639.0,457858782.0,1133379.0
1785726801.2682116,benign,0,140,15464,985926.0,391639380.0,1134140.0
1785726802.2881277,benign,0,106,12082,922237.0,383853638.0,1042047.0
1785726803.30815,benign,0,126,15200,951945.0,407237269.0,1072131.0
1785726804.3291934,benign,0,132,14856,3154043.0,590265651.0,2380472.0
1785726805.345469,benign,0,124,14238,2303686.0,495493063.0,1805501.0
1785726806.3619125,benign,0,132,14760,1001389.0,391700190.0,1108719.0
1785726807.3780477,benign,0,122,14078,969594.0,391624857.0,1084588.0
1785726808.394884,benign,0,132,14848,958769.0,385902503.0,1081344.0
1785726809.4115949,benign,0,124,14236,961592.0,384963202.0,1076789.0
1785726810.4338903,benign,0,124,14238,1050171.0,520129265.0,1156658.0
1785726811.4565036,benign,0,124,14244,965852.0,386869723.0,1099239.0
1785726812.4789147,benign,0,148,16074,1407405.0,493084810.0,1357314.0
1785726813.5014696,benign,0,100,12416,1111526.0,422389503.0,1065684.0
1785726814.523756,benign,0,140,15452,3181318.0,571361525.0,2412835.0
1785726815.5459695,benign,0,124,14248,2265730.0,486783821.0,1783290.0
1785726816.5682983,benign,0,124,14240,964321.0,387727959.0,1086610.0
1785726817.5905378,benign,0,116,13638,961528.0,392914192.0,1091963.0
1785726818.612776,benign,0,140,15456,1027633.0,394426612.0,1156777.0
1785726819.635002,benign,0,132,14862,973863.0,391685669.0,1105388.0
1785726820.6573174,benign,0,108,13028,1023892.0,486337460.0,1102933.0
1785726821.6800172,benign,0,124,14242,981626.0,469622005.0,1138442.0
1785726822.7022305,benign,0,124,14248,1002702.0,390852610.0,1131492.0
1785726823.725108,benign,0,116,13626,957931.0,385804169.0,1064631.0
1785726824.748085,benign,0,126,14356,3268180.0,594494046.0,2421737.0
1785726825.7707272,benign,0,132,14848,2675314.0,590588774.0,2014318.0
1785726826.7956111,benign,0,116,13630,954994.0,385339752.0,1084797.0
1785726827.8183606,benign,0,132,14852,968783.0,421374998.0,1094562.0
1785726828.8407154,benign,0,124,14246,963583.0,391529766.0,1084805.0
1785726829.8627973,benign,0,116,13624,964977.0,389362673.0,1079459.0
1785726830.8850772,benign,0,124,14244,1047943.0,475416323.0,1141624.0
1785726831.9075,benign,0,132,14852,962570.0,393408912.0,1089163.0
1785726832.9295857,benign,0,124,14246,951401.0,385378584.0,1072846.0
1785726833.951714,benign,0,132,14858,2095734.0,479321902.0,1743053.0
1785726834.9721649,benign,0,116,13630,3348650.0,617467425.0,2386156.0
1785726835.993308,benign,0,132,14862,2407317.0,478037227.0,1560265.0
1785726837.009867,benign,0,124,14248,963326.0,385705487.0,1086076.0
1785726838.026163,benign,0,124,14236,966577.0,392929507.0,1094963.0
1785726839.0424287,benign,0,116,13638,1384200.0,491727481.0,1327754.0
1785726840.059194,benign,0,124,14244,1007647.0,393699524.0,1145908.0
1785726841.0816193,benign,0,140,15462,1025581.0,438061821.0,1115806.0
1785726842.1038687,benign,0,116,13636,953316.0,426095472.0,1067144.0
1785726843.126488,benign,0,124,14242,953489.0,414214223.0,1082440.0
1785726844.1485095,benign,0,108,13034,2015306.0,473421365.0,1670703.0
1785726845.1720898,benign,0,156,19538,3415800.0,601034234.0,2516707.0
1785726846.1924863,benign,0,134,15410,1289680.0,566877818.0,1397267.0
1785726847.209242,benign,0,122,14842,940677.0,418944200.0,1046175.0
1785726848.226685,benign,0,168,17822,1017941.0,393732564.0,1132661.0
1785726849.2491305,benign,0,168,16762,1005816.0,425012959.0,1192882.0
1785726850.2696345,benign,0,116,13634,1428952.0,579053614.0,1342387.0
1785726851.2890286,benign,0,124,14248,963665.0,386749201.0,1087935.0
1785726852.3094635,benign,0,124,14234,2113088.0,459888219.0,1498298.0
1785726853.327466,benign,0,124,14244,2377231.0,471330787.0,1494537.0
1785726854.3438897,benign,0,132,14846,2283911.0,554170338.0,2131771.0
1785726855.360125,benign,0,132,14852,3346005.0,630880312.0,2383060.0
1785726856.3765056,benign,0,108,13034,957658.0,385764835.0,1055359.0
1785726857.3935857,benign,0,140,15464,979724.0,384946823.0,1109200.0
1785726858.415765,benign,0,116,13626,955677.0,389762048.0,1073814.0
1785726859.4376788,benign,0,116,13628,969409.0,439177311.0,1086721.0
1785726860.459306,benign,0,132,14856,1054800.0,470999345.0,1143377.0
1785726861.4816554,benign,0,132,14854,970100.0,385816108.0,1097852.0
1785726862.5040274,benign,0,124,14244,959754.0,414396421.0,1074430.0
1785726863.5263531,benign,0,124,14248,1390318.0,554163232.0,1322312.0
1785726864.5486338,benign,0,124,14240,2057618.0,477528646.0,1721470.0
1785726865.5710254,benign,0,124,14250,3352669.0,576400740.0,2383460.0
1785726866.5934117,benign,0,134,14898,988333.0,386717083.0,1118917.0
1785726867.6155543,benign,0,130,14690,961948.0,385498290.0,1088194.0
1785726868.637318,benign,0,148,16068,2377121.0,471288538.0,1543244.0
1785726869.659774,benign,0,132,14852,974883.0,387167475.0,1110226.0
1785726870.6821508,benign,0,116,13630,1035069.0,495021843.0,1110721.0
1785726871.704443,benign,0,124,14250,967522.0,390678387.0,1089495.0
1785726872.7267263,benign,0,124,14238,963005.0,387289273.0,1083200.0
1785726873.7487853,benign,0,124,14248,964116.0,403105004.0,1098341.0
1785726874.7737355,benign,0,124,14248,2290580.0,505502413.0,1964776.0
1785726875.7980337,benign,0,124,14240,3048337.0,542025297.0,2153123.0
1785726876.820262,benign,0,124,14232,1385735.0,490160282.0,1342746.0
1785726877.8428748,benign,0,124,14238,958278.0,384204507.0,1075855.0
1785726878.8649962,benign,0,124,14242,1024657.0,393167762.0,1136096.0
1785726879.8875172,benign,0,124,14244,976137.0,388124146.0,1105200.0
1785726880.9094305,benign,0,140,15452,1065904.0,436891259.0,1160870.0
1785726881.9316988,benign,0,124,14238,978767.0,446483969.0,1130670.0
1785726882.9540997,benign,0,132,14852,1005179.0,391343452.0,1129014.0
1785726883.9763663,benign,0,124,14250,963156.0,384675899.0,1086509.0
1785726884.9985373,benign,0,124,14244,3142938.0,645292391.0,2376958.0
1785726886.018798,benign,0,124,14246,2297896.0,612076709.0,1857979.0
1785726887.035355,benign,0,124,14246,956899.0,384004988.0,1078165.0
1785726888.0515363,benign,0,124,14244,953296.0,384957448.0,1055209.0
1785726889.0680568,benign,0,116,13636,1373201.0,556977512.0,1314996.0
1785726890.084622,benign,0,132,14850,986683.0,387658185.0,1121330.0
1785726891.101361,benign,0,124,14240,1042813.0,473653447.0,1121153.0
1785726892.1235774,benign,0,124,14238,957820.0,387405651.0,1069784.0
1785726893.1462064,benign,0,132,14858,1137432.0,470729473.0,1223649.0
1785726894.1726794,benign,0,122,15324,982174.0,401443643.0,1110716.0
1785726895.204487,benign,0,132,16490,3269987.0,747038449.0,2479279.0
1785726896.2291367,benign,0,158,18374,2758023.0,528451552.0,2114830.0
1785726897.2469585,benign,0,124,14252,1797607.0,435117429.0,1332643.0
1785726898.2635958,benign,0,140,15460,964520.0,386264398.0,1082769.0
1785726899.279796,benign,0,124,14240,963832.0,384657943.0,1079650.0
1785726900.296696,benign,0,124,14242,2193064.0,673693055.0,1653509.0
1785726901.321605,benign,0,124,14244,1255668.0,398662288.0,1140530.0
1785726902.3411462,benign,0,132,14856,984127.0,427091460.0,1119943.0
1785726903.3618112,benign,0,124,14238,950909.0,384488385.0,1066668.0
1785726904.382085,benign,0,132,14864,2115270.0,486515305.0,1781015.0
1785726905.4024396,benign,0,124,14244,3361785.0,577937531.0,2409266.0
1785726906.4237173,benign,0,116,13634,959040.0,384825708.0,1087929.0
1785726907.4463348,benign,0,124,14246,954623.0,386057962.0,1077703.0
1785726908.4688218,benign,0,156,16128,1052924.0,396977451.0,1182542.0
1785726909.491336,benign,0,144,14928,978808.0,390661408.0,1149838.0
1785726910.513105,benign,0,124,14250,2414424.0,518322008.0,1549694.0
1785726911.5331926,benign,0,132,14856,1004038.0,396638541.0,1157161.0
1785726912.5557249,benign,0,124,14246,1000566.0,392064419.0,1127416.0
1785726913.5780313,benign,0,132,14856,1406206.0,492448868.0,1338153.0
1785726914.6000752,benign,0,124,14246,2051588.0,474120198.0,1705370.0
1785726915.6221392,benign,0,108,13020,3338914.0,681561304.0,2383288.0
1785726916.6386895,benign,0,132,14858,962513.0,388743102.0,1096916.0
1785726917.655049,benign,0,124,14232,947371.0,383901995.0,1066335.0
1785726918.671367,benign,0,116,13642,947025.0,383812021.0,1057151.0
1785726919.6876552,benign,0,132,14846,975220.0,387016108.0,1086988.0
1785726920.7043853,benign,0,124,14244,2428789.0,523420539.0,1561708.0
1785726921.7267847,benign,0,132,14850,963407.0,385914778.0,1094493.0
1785726922.7491844,benign,0,116,13638,969723.0,390953618.0,1088100.0
1785726923.7717755,benign,0,124,14250,958180.0,384975619.0,1079074.0
1785726924.7941177,benign,0,132,14856,2108942.0,484125980.0,1780748.0
1785726925.816424,benign,0,116,13634,3566767.0,621033947.0,2558975.0
1785726926.8388915,benign,0,150,16118,1417670.0,493758499.0,1389480.0
1785726927.86106,benign,0,130,14684,979156.0,392000495.0,1114786.0
1785726928.8834703,benign,0,132,14838,969649.0,392131224.0,1088699.0
1785726929.9058144,benign,0,116,13632,963233.0,384204140.0,1080979.0
1785726930.9279754,benign,0,116,13642,1042562.0,432928479.0,1147607.0
1785726931.9506824,benign,0,140,15468,966412.0,384821639.0,1089666.0
1785726932.9728746,benign,0,108,13022,945245.0,384399164.0,1056129.0
1785726933.9955134,benign,0,124,14246,968031.0,390810396.0,1082108.0
1785726935.0180953,benign,0,132,14852,2060863.0,475988305.0,1720257.0
1785726936.0406337,benign,0,116,13634,3314648.0,569928190.0,2336083.0
1785726937.063357,benign,0,132,14858,990496.0,392273060.0,1134560.0
1785726938.085743,benign,0,124,14252,961918.0,385098684.0,1088704.0
1785726939.1079476,benign,0,124,14248,1022935.0,397095485.0,1144291.0
1785726940.1299,benign,0,124,14246,1424272.0,534062347.0,1364845.0
1785726941.15178,benign,0,132,14858,1052001.0,424630223.0,1144052.0
1785726942.186099,benign,0,142,18880,1048911.0,400574846.0,1224567.0
1785726943.2129006,benign,0,124,14246,1242988.0,565476070.0,1358205.0
1785726944.2348833,benign,0,150,17756,1018555.0,389061263.0,1135857.0
1785726945.2559583,benign,0,132,14848,2060396.0,474962865.0,1731851.0
1785726946.278077,benign,0,132,14846,3349394.0,576560231.0,2393333.0
1785726947.297531,benign,0,124,14236,967602.0,389554299.0,1092163.0
1785726948.3170583,benign,0,116,13626,949563.0,385258731.0,1081471.0
1785726949.339471,benign,0,124,14240,960452.0,438913408.0,1088767.0
1785726950.3607311,benign,0,124,14236,1039526.0,419102486.0,1113527.0
1785726951.383236,benign,0,124,14248,1389512.0,490184319.0,1338416.0
1785726952.4056344,benign,0,124,14246,956923.0,384959472.0,1088309.0
1785726953.4278414,benign,0,140,15458,963194.0,386700293.0,1085036.0
1785726954.4508212,benign,0,132,14858,982340.0,391345984.0,1092209.0
1785726955.4732597,benign,0,116,13624,2057873.0,475339180.0,1723034.0
1785726956.4959652,benign,0,124,14244,3334661.0,580771627.0,2393021.0
1785726957.5184386,benign,0,132,14854,968021.0,387465002.0,1104898.0
1785726958.540075,benign,0,124,14250,2336997.0,469589103.0,1498803.0
1785726959.5564208,benign,0,132,14856,1019091.0,393084471.0,1167807.0
1785726960.5727515,benign,0,116,13642,1043511.0,424014564.0,1129010.0
1785726961.589029,benign,0,124,14244,959680.0,382990761.0,1072602.0
1785726962.6055975,benign,0,132,14860,970117.0,387666691.0,1099177.0
1785726963.622604,benign,0,124,14248,2330886.0,477170166.0,1478394.0
1785726964.6463714,benign,0,124,14242,1687411.0,528809425.0,1577183.0
1785726965.6730535,benign,0,124,14248,3599531.0,578413239.0,2201811.0
1785726966.6977692,benign,0,132,14858,1067431.0,395364713.0,1232107.0
1785726967.7199686,benign,0,100,12418,926104.0,382505122.0,1039499.0
1785726968.7422817,benign,0,124,12342,2024198.0,425692515.0,1411905.0
1785726969.764156,benign,0,44,8156,901160.0,386208564.0,1021934.0
1785726970.7864103,benign,0,44,8156,957316.0,414509951.0,991290.0
1785726971.808823,benign,0,44,8152,887753.0,383983409.0,983053.0
1785726972.830858,benign,0,44,8156,902390.0,386217087.0,987791.0
1785726973.8530755,benign,0,44,8152,883809.0,382159034.0,955301.0
1785726974.9559002,ddos,1,501762,20745932,14876043.0,4221257443.0,10002457.0
1785726975.9960146,ddos,1,493388,20399664,16897206.0,4327451746.0,11119309.0
1785726977.031948,ddos,1,498068,20593148,15187675.0,4188313520.0,9818157.0
1785726978.0719676,ddos,1,502322,20768980,16009287.0,4331909554.0,9737197.0
1785726979.1081436,ddos,1,490142,20265536,15233833.0,4117366726.0,9546562.0
1785726980.1519997,ddos,1,502496,20776168,15707201.0,4187682217.0,9596648.0
1785726981.1963048,ddos,1,502854,20794868,14410416.0,4228735457.0,9927908.0
1785726982.2439845,ddos,1,504646,20867464,14477394.0,4204340590.0,9993516.0
1785726983.2839067,ddos,1,501380,20730040,14920445.0,4212605688.0,9462281.0
1785726984.3160083,ddos,1,495418,20483604,16030080.0,4180414558.0,9755265.0
1785726985.3521664,ddos,1,495620,20491956,16290539.0,4262932754.0,10059250.0
1785726986.3999648,ddos,1,495460,20485348,17541673.0,4326553023.0,11054841.0
1785726987.4398904,ddos,1,501470,20734130,14005448.0,4199597917.0,9875406.0
1785726988.4759529,ddos,1,500110,20677548,15642050.0,4220599998.0,9676509.0
1785726989.5159256,ddos,1,501194,20722352,15412206.0,4192379854.0,9779833.0
1785726990.5520918,ddos,1,497806,20582312,14678284.0,4328695965.0,10196383.0
1785726991.595976,ddos,1,500752,20704080,16788773.0,4262071651.0,9959034.0
1785726992.6359603,ddos,1,498636,20616628,16529310.0,4254261071.0,10215425.0
1785726993.6720695,ddos,1,498836,20624888,15581827.0,4189755139.0,9899970.0
1785726994.71195,ddos,1,491322,20314316,15038089.0,4130871369.0,9556562.0
1785726995.7441814,ddos,1,496124,20512792,15611484.0,4283055298.0,10215371.0
1785726996.7801886,ddos,1,494188,20432768,16822588.0,4336610993.0,10920262.0
1785726997.8161948,ddos,1,500882,20709460,14546353.0,4210524665.0,9743121.0
1785726998.8521895,ddos,1,500342,20687136,14653908.0,4219375599.0,9671617.0
1785726999.8959694,ddos,1,504032,20839656,14614706.0,4220796149.0,9888706.0
1785727000.928234,ddos,1,497028,20550164,14726349.0,4222799130.0,9968801.0
1785727001.9679646,ddos,1,500192,20680940,15494899.0,4192825455.0,9737716.0
1785727003.004145,ddos,1,498398,20606780,15596460.0,4296843626.0,9818128.0
1785727004.0519657,ddos,1,501978,20754764,15934810.0,4259847012.0,10270702.0
1785727005.0919793,ddos,1,496334,20521468,15793182.0,4261551782.0,10419618.0
1785727006.1399696,ddos,1,498122,20595380,16929699.0,4324993894.0,10854560.0
1785727007.179594,ddos,1,501132,20723212,14894841.0,4190132046.0,9572688.0
1785727008.2163522,ddos,1,498982,20632358,15290353.0,4470771049.0,9885155.0
1785727009.259901,ddos,1,503482,20816984,14993363.0,4218635002.0,9695602.0
1785727010.2920702,ddos,1,498032,20593074,14957159.0,4231698296.0,9605510.0
1785727011.328083,ddos,1,498012,20590836,15183437.0,4175135302.0,9930274.0
1785727012.3719947,ddos,1,501230,20723844,15173509.0,4179651005.0,9742592.0
1785727013.4118917,ddos,1,500068,20675804,15461282.0,4268266389.0,9698909.0
1785727014.4479754,ddos,1,497882,20585460,15155240.0,4188329960.0,9802906.0
1785727015.48395,ddos,1,494528,20446828,16779246.0,4356868738.0,10510009.0
1785727016.520062,ddos,1,493536,20405820,17258781.0,4349698160.0,11021455.0
1785727017.5561116,ddos,1,499340,20645720,14558933.0,4202634371.0,9440748.0
1785727018.5922134,ddos,1,499798,20664652,15400124.0,4209484145.0,9804608.0
1785727019.6399417,ddos,1,484502,20032416,14657165.0,4052951020.0,9565150.0
1785727020.6720488,ddos,1,494024,20425992,14255910.0,4210867272.0,9650321.0
1785727021.7081184,ddos,1,500464,20692176,14849076.0,4201613759.0,9786393.0
1785727022.7441416,ddos,1,496990,20548588,14934247.0,4189247433.0,9917058.0
1785727023.7800963,ddos,1,499364,20646708,14835645.0,4211211630.0,9537181.0
1785727024.8199213,ddos,1,501848,20749384,15598525.0,4204088302.0,9655247.0
1785727025.856022,ddos,1,494220,20434100,15566242.0,4254389089.0,10538274.0
1785727026.895932,ddos,1,494080,20428308,16981218.0,4377652175.0,10748833.0
1785727027.935981,ddos,1,501148,20720460,15475708.0,4189739130.0,9652352.0
1785727028.972039,ddos,1,499102,20635884,15063942.0,4308871840.0,9826754.0
1785727030.015984,ddos,1,502552,20778480,15446484.0,4188084709.0,9857175.0
1785727031.055942,ddos,1,499120,20636628,15405039.0,4206443541.0,9781236.0
1785727032.0961516,ddos,1,500922,20711112,15202972.0,4243830381.0,9949751.0
1785727033.1399646,ddos,1,501330,20727976,15242440.0,4191741547.0,9607444.0
1785727034.1761584,ddos,1,498306,20604430,14684547.0,4182969761.0,9572073.0
1785727035.220045,ddos,1,496992,20552088,16069181.0,4488097131.0,10883532.0
1785727036.2599633,ddos,1,497400,20565592,15851617.0,4264378723.0,10368651.0
1785727037.2999284,ddos,1,498570,20615318,16364058.0,4254533454.0,10210207.0
1785727038.3439424,ddos,1,503028,20798148,15433361.0,4191093325.0,9689597.0
1785727039.3761003,ddos,1,496292,20519740,15000062.0,4185387347.0,9750511.0
1785727040.419954,ddos,1,500798,20705984,15347575.0,4322329681.0,9829935.0
1785727041.4641006,ddos,1,502510,20776748,14999994.0,4193359188.0,9698058.0
1785727042.5041192,ddos,1,501210,20723020,14951552.0,4206998327.0,9484168.0
1785727043.5401468,ddos,1,497078,20552224,15795637.0,4191504053.0,10064803.0
1785727044.584165,ddos,1,504082,20841724,14990305.0,4196033341.0,9475664.0
1785727045.6280615,ddos,1,498312,20603236,15990555.0,4268148688.0,10165000.0
1785727046.667911,ddos,1,487746,20166508,16484546.0,4299230791.0,10974561.0
1785727047.700142,ddos,1,498144,20596714,14067538.0,4201877749.0,9718519.0
1785727048.7361166,ddos,1,499880,20668040,15260532.0,4206888588.0,9594835.0
1785727049.7799685,ddos,1,503716,20826596,13965727.0,4201067005.0,9762388.0
1785727050.8120987,ddos,1,498100,20594464,15312865.0,4229745690.0,9702521.0
1785727051.848095,ddos,1,500050,20675068,15254440.0,4225854251.0,9663757.0
1785727052.884097,ddos,1,499558,20654724,15154627.0,4197243177.0,9819039.0
1785727053.93197,ddos,1,504606,20863384,14313513.0,4306100130.0,10143713.0
1785727054.96419,ddos,1,498100,20594468,14914472.0,4200398343.0,9717610.0
1785727056.0080006,ddos,1,497088,20552644,16969904.0,4326235690.0,10585201.0
1785727057.0480838,ddos,1,492922,20380436,17000525.0,4324809745.0,10903030.0
1785727058.0841136,ddos,1,499572,20655316,14620058.0,4197725249.0,9391301.0
1785727059.1278975,ddos,1,500298,20685320,14609476.0,4176341819.0,9929318.0
1785727060.1600978,ddos,1,488140,20182788,14906725.0,4123706942.0,9588864.0
1785727061.203993,ddos,1,499226,20644912,15009694.0,4210383838.0,9624615.0
1785727062.2439897,ddos,1,499302,20646580,14982413.0,4412837668.0,9953248.0
1785727063.279989,ddos,1,499142,20637540,14586352.0,4200988284.0,9586447.0
1785727064.3120587,ddos,1,495570,20489900,14737437.0,4187506406.0,9460721.0
1785727065.3481965,ddos,1,493214,20392512,15632775.0,4266952786.0,10246486.0
1785727066.384083,ddos,1,492596,20366972,16356917.0,4399951188.0,10623311.0
1785727067.424055,ddos,1,495494,20486752,16257490.0,4233614712.0,10245411.0
1785727068.4640906,ddos,1,501302,20726816,14400261.0,4208511124.0,9610043.0
1785727069.503978,ddos,1,501370,20729632,15245465.0,4198835974.0,9497990.0
1785727070.5441508,ddos,1,499448,20650180,15219710.0,4233875794.0,9818578.0
1785727071.5803022,ddos,1,498604,20615300,14531820.0,4188872334.0,9874689.0
1785727072.624052,ddos,1,503074,20800060,15074960.0,4200774336.0,9573439.0
1785727073.6600692,ddos,1,499338,20645644,15133786.0,4202714630.0,9624042.0
1785727074.6961043,ddos,1,499340,20645724,15101667.0,4196681711.0,9678507.0
1785727075.7322836,ddos,1,495064,20468980,16238208.0,4258878547.0,10336120.0
1785727076.768078,ddos,1,491082,20304380,17531763.0,4326309881.0,10964685.0
1785727077.8042011,ddos,1,497416,20566196,14913019.0,4178119593.0,9970120.0
1785727078.8479342,ddos,1,500570,20696560,16123124.0,4182935842.0,9715459.0
1785727079.8801594,ddos,1,492986,20383088,16627311.0,4356926310.0,10284436.0
1785727080.9161606,ddos,1,496818,20541472,14862782.0,4210280726.0,10020717.0
1785727081.9599516,ddos,1,500670,20700700,15937494.0,4178887962.0,9939931.0
1785727083.0001652,ddos,1,500488,20693180,15886870.0,4194513696.0,9775711.0
1785727084.0361705,ddos,1,499040,20633320,14822333.0,4192009950.0,9544976.0
1785727085.0801046,ddos,1,503170,20804028,14833562.0,4203976171.0,9538097.0
1785727086.1279662,ddos,1,499372,20647040,16775315.0,4241611203.0,10232800.0
1785727087.1679442,ddos,1,494024,20425992,17339549.0,4348679746.0,10700203.0
1785727088.2043965,ddos,1,497602,20577776,16515378.0,4275178103.0,9831823.0
1785727089.2479625,ddos,1,498514,20614016,16121283.0,4311566554.0,9857848.0
1785727090.2880676,ddos,1,499312,20644560,16356160.0,4212734243.0,10000347.0
1785727091.331941,ddos,1,500958,20712604,16443986.0,4195649995.0,9691703.0
1785727092.376038,ddos,1,500722,20702844,16487079.0,4283567147.0,9949889.0
1785727093.416015,ddos,1,500358,20687796,14997219.0,4191052974.0,9766030.0
1785727094.4450877,ddos,1,241760,9999084,8282069.0,2228578078.0,5681661.0
1785727095.4611373,ddos,1,44,8152,1954219.0,469750840.0,1537347.0
1785727096.4776282,ddos,1,44,8152,2184604.0,481361308.0,1618422.0
1785727097.4939427,ddos,1,44,8156,1947940.0,467232416.0,1562926.0
1785727098.510636,ddos,1,44,8156,869004.0,378483094.0,930380.0
1785727099.5724275,portscan,1,262196,11018560,11666092.0,3594945410.0,15352459.0
1785727100.6075168,portscan,1,262196,11018564,16034711.0,3730935630.0,11116253.0
1785727101.640123,portscan,1,251000,10548332,13063302.0,3347102710.0,29083744.0
1785727102.665231,portscan,1,273356,11487284,14923540.0,3707289432.0,11403630.0
1785727103.6959348,portscan,1,247388,10396628,13355326.0,3484270963.0,15940179.0
1785727104.7321155,portscan,1,266496,11199160,14095158.0,3710993319.0,15829995.0
1785727105.7680848,portscan,1,242778,10202992,12318433.0,3529231734.0,28741514.0
1785727106.8079834,portscan,1,240590,10111108,13013876.0,3389203842.0,27638665.0
1785727107.8519692,portscan,1,248942,10462242,13523274.0,3450462086.0,28969755.0
1785727108.8959763,portscan,1,292634,12296964,14547023.0,3823373914.0,15700213.0
1785727109.933236,portscan,1,296382,12454376,14649739.0,3905454887.0,11231401.0
1785727110.9496372,portscan,1,262196,11018560,17107820.0,3738078359.0,16075440.0
1785727111.987998,portscan,1,262196,11018560,13780414.0,3697955465.0,16693049.0
1785727113.0105307,portscan,1,262196,11018560,12566105.0,3408602578.0,30976370.0
1785727114.027106,portscan,1,262196,11018560,12520985.0,3633954637.0,14980659.0
1785727115.0602794,portscan,1,262196,11018560,13396728.0,3639044416.0,15565051.0
1785727116.100067,portscan,1,257968,10840984,15636024.0,3609955036.0,30142836.0
1785727117.1201055,portscan,1,266384,11194456,14468807.0,3846649754.0,16810263.0
1785727118.1480856,portscan,1,239638,10071128,11269004.0,3393894025.0,27999293.0
1785727119.1731467,portscan,1,284716,11964404,12961225.0,3822663204.0,12298702.0
1785727120.2184873,portscan,1,262214,11023208,14315991.0,4028255163.0,11364420.0
1785727121.263922,portscan,1,279164,11733636,12446279.0,3647968843.0,16152188.0
1785727122.299988,portscan,1,301056,12650684,15387535.0,3982119818.0,11549532.0
1785727123.3439093,portscan,1,294602,12379620,13255284.0,3866465906.0,12947655.0
1785727124.380045,portscan,1,265168,11143384,12302567.0,3562296319.0,20135866.0
1785727125.4161005,portscan,1,256134,10763960,13010990.0,3475255647.0,22974998.0
1785727126.451975,portscan,1,294710,12384148,17362333.0,3967939533.0,12059252.0
1785727127.4878628,portscan,1,280748,11797740,18345816.0,4009262056.0,15278375.0
1785727128.5238662,portscan,1,282874,11887036,14131319.0,3767374420.0,16201918.0
1785727129.5629923,portscan,1,278298,11694860,13103331.0,3712916476.0,15951670.0
1785727130.5999372,portscan,1,271172,11395548,12789422.0,3658027504.0,15549187.0
1785727131.639974,portscan,1,293334,12326360,15070596.0,4009103073.0,12877324.0
1785727132.6879437,portscan,1,298118,12527296,16667377.0,3896113260.0,11154864.0
1785727133.722326,portscan,1,274798,11547848,16157976.0,3765896466.0,15833255.0
1785727134.7387369,portscan,1,262196,11018564,13441399.0,3633962012.0,16052018.0
1785727135.7764578,portscan,1,262196,11018564,16235429.0,3745153518.0,16776606.0
1785727136.8159487,portscan,1,276078,11601600,13891034.0,4024731791.0,12292615.0
1785727137.8519087,portscan,1,269568,11328176,13287410.0,3766127763.0,17196426.0
1785727138.887967,portscan,1,275994,11598084,13882833.0,3704394556.0,16601666.0
1785727139.927985,portscan,1,277302,11653008,14558209.0,3726544555.0,15555044.0
1785727140.963954,portscan,1,287618,12086296,13577755.0,3850233352.0,15556106.0
1785727141.9959905,portscan,1,295704,12425888,13266185.0,3923500851.0,13576708.0
1785727143.0318716,portscan,1,278934,11721564,13861796.0,3807955228.0,14025998.0
1785727144.0678418,portscan,1,292916,12308796,12868108.0,3878332109.0,14247288.0
1785727145.1040056,portscan,1,262712,11040240,13285519.0,3661036311.0,16156630.0
1785727146.1438694,portscan,1,256712,10788228,13500489.0,3591849001.0,24130946.0
1785727147.1910715,portscan,1,272806,11467592,13449202.0,3715444257.0,18919922.0
1785727148.2400234,portscan,1,290982,12229066,14916348.0,4222958648.0,15754192.0
1785727149.2799437,portscan,1,300018,12608506,13464146.0,3953638722.0,13039833.0
1785727150.3239322,portscan,1,294822,12388852,17360937.0,3898373083.0,11377992.0
1785727151.3599608,portscan,1,239248,10054740,12199954.0,3324928907.0,28184605.0
1785727152.3852286,portscan,1,285462,11995732,13625927.0,3848525385.0,12864951.0
1785727153.4239078,portscan,1,249330,10478180,11401668.0,3421213459.0,29291607.0
1785727154.4602804,portscan,1,275030,11557604,13457237.0,3684915488.0,17194603.0
1785727155.487086,portscan,1,262196,11018560,15329478.0,3688270822.0,10802306.0
1785727156.5238569,portscan,1,260826,10961024,11556175.0,3520842946.0,30908555.0
1785727157.563888,portscan,1,236180,9925884,16641368.0,3565939730.0,29169335.0
1785727158.603875,portscan,1,288640,12129208,13642840.0,3833089986.0,13092132.0
1785727159.6206486,portscan,1,263000,11052332,12437262.0,3637919679.0,16450811.0
1785727160.6638963,portscan,1,250256,10517084,13056944.0,3466209966.0,29493321.0
1785727161.7120347,portscan,1,274088,11518028,15020212.0,3815922492.0,11842555.0
1785727162.756052,portscan,1,280718,11796492,14116083.0,3896725107.0,11106143.0
1785727163.7999103,portscan,1,299270,12575668,14063025.0,3908130590.0,12176726.0
1785727164.843928,portscan,1,296796,12471760,14001925.0,3889295404.0,14688190.0
1785727165.8799882,portscan,1,290110,12190960,14600939.0,3941352596.0,11966642.0
1785727166.9198277,portscan,1,281916,11846800,14308053.0,3854678627.0,14150326.0
1785727167.963875,portscan,1,291028,12229870,15149111.0,3919818148.0,14185177.0
1785727169.000042,portscan,1,304412,12791636,16076187.0,3992019584.0,11704919.0
1785727170.0320375,portscan,1,295934,12435556,15086062.0,3896740912.0,11448440.0
1785727171.075986,portscan,1,281352,11823112,14230969.0,3739164183.0,11328606.0
1785727172.1039152,portscan,1,262256,11021084,13096826.0,3676971399.0,10842298.0
1785727173.1438518,portscan,1,270218,11355492,12438486.0,3685613676.0,16630354.0
1785727174.1759398,portscan,1,292808,12304268,13912424.0,3874911650.0,11402618.0
1785727175.2159455,portscan,1,286218,12031368,13880839.0,3840379864.0,15874065.0
1785727176.2561312,portscan,1,247384,10398876,13821109.0,3575785389.0,25532896.0
1785727177.299878,portscan,1,298184,12530048,14955859.0,4062598022.0,12262818.0
1785727178.343878,portscan,1,277634,11666964,13481191.0,3764146437.0,18918805.0
1785727179.3798895,portscan,1,241002,10128420,13036920.0,3394112650.0,27732540.0
1785727180.419862,portscan,1,246632,10364864,11168586.0,3402922179.0,28502196.0
1785727181.4559493,portscan,1,239984,10085648,11989705.0,3300868418.0,27066172.0
1785727182.4958303,portscan,1,255884,10753448,12260595.0,3465212583.0,26446428.0
1785727183.535894,portscan,1,300322,12619844,14947011.0,3976770148.0,13247568.0
1785727184.5679886,portscan,1,287798,12093848,13610365.0,3908657624.0,14978682.0
1785727185.6160443,portscan,1,291318,12241692,14084830.0,3816833342.0,13600515.0
1785727186.6518788,portscan,1,275370,11571868,14502144.0,3774339860.0,16423060.0
1785727187.692227,portscan,1,277968,11681004,15683758.0,3831094413.0,16498321.0
1785727188.7320335,portscan,1,291168,12235380,17293501.0,3956555824.0,13518875.0
1785727189.7680624,portscan,1,290600,12211528,14347633.0,3845712971.0,15303025.0
1785727190.8040082,portscan,1,289748,12175740,14562539.0,3869447044.0,11905355.0
1785727191.8292024,portscan,1,283056,11894680,12639171.0,3796162728.0,11328193.0
1785727192.8680449,portscan,1,262196,11018556,12794175.0,3698881235.0,15753009.0
1785727193.9118772,portscan,1,269638,11331132,13683543.0,3658381850.0,16716025.0
1785727194.944452,portscan,1,254716,10704396,10848595.0,3338914015.0,28488669.0
1785727195.9879231,portscan,1,257902,10838216,12684084.0,3489472022.0,29799616.0
1785727197.0198848,portscan,1,238000,10002320,13879984.0,3562896583.0,28778909.0
1785727198.051394,portscan,1,290612,12212036,16911385.0,3963930837.0,13616369.0
1785727199.079975,portscan,1,262196,11018564,13973619.0,3692525427.0,10556672.0
1785727200.1160922,portscan,1,282222,11859660,12732677.0,3854220926.0,11262953.0
1785727201.1518743,portscan,1,298680,12550900,12967841.0,3965859856.0,12737904.0
1785727202.187968,portscan,1,271530,11412022,12425122.0,3647219120.0,18876790.0
1785727203.228785,portscan,1,251548,10573798,11878880.0,3620678625.0,26295052.0
1785727204.267999,portscan,1,281144,11816784,13489424.0,3741659964.0,16830288.0
1785727205.3119378,portscan,1,286168,12025392,14163609.0,3771343202.0,15842980.0
1785727206.352116,portscan,1,276640,11623798,15859656.0,3765863980.0,16460308.0
1785727207.3878636,portscan,1,282058,11854178,15766187.0,3865837660.0,16998129.0
1785727208.4201078,portscan,1,271196,11396564,14053800.0,3874579016.0,17057102.0
1785727209.4681191,portscan,1,297232,12490072,13009897.0,3886451574.0,13503872.0
1785727210.512038,portscan,1,286066,12021108,13470489.0,3793310476.0,14789804.0
1785727211.5560338,portscan,1,287890,12097720,13118346.0,3789208653.0,12254505.0
1785727212.5920904,portscan,1,285726,12006820,14468204.0,3792860279.0,15257534.0
1785727213.629163,portscan,1,274326,11528016,13883425.0,3729385095.0,10921877.0
1785727214.6545506,portscan,1,262196,11018564,12661603.0,3899461711.0,15972103.0
1785727215.6840022,portscan,1,262196,11018560,11956196.0,3401992713.0,30719001.0
1785727216.7241254,portscan,1,246168,10345388,12020425.0,3467778469.0,29802340.0
1785727217.7492523,portscan,1,278180,11689892,15366935.0,3958675130.0,12951684.0
1785727218.7879236,portscan,1,253814,10666512,14337912.0,3569294556.0,27540363.0
1785727219.8090994,portscan,1,8386,358524,2740503.0,489543245.0,1579038.0
1785727220.8254766,portscan,1,44,8148,1366560.0,516898268.0,1218127.0
1785727221.8423605,portscan,1,44,8152,868100.0,379205005.0,947580.0
1785727222.864817,portscan,1,44,8156,863210.0,379428802.0,933644.0
1785943583.3097744,mqtt_flood,1,15410,27046058,67216651.0,6225028765.0,53868219.0
1785943584.3356557,mqtt_flood,1,17328,29231118,71157920.0,6474813597.0,55562237.0
1785943585.3646927,mqtt_flood,1,21718,30860330,72344640.0,6624192838.0,56961639.0
1785943586.3929276,mqtt_flood,1,18058,30611716,71387240.0,6592929927.0,54818441.0
1785943587.418852,mqtt_flood,1,17502,30786750,71914729.0,6664563657.0,55654529.0
1785943588.4484146,mqtt_flood,1,18742,29832678,70957762.0,6741276359.0,54404128.0
1785943589.4761562,mqtt_flood,1,19394,30680962,71955940.0,6665335747.0,56456803.0
1785943590.5005686,mqtt_flood,1,18298,28829110,70813727.0,6489248671.0,56201657.0
1785943591.5298162,mqtt_flood,1,31576,32591486,71664695.0,6307546168.0,53703196.0
1785943592.575404,mqtt_flood,1,26898,29538510,72521178.0,6650610801.0,57598442.0
1785943593.6063974,mqtt_flood,1,22582,31014370,73260778.0,6715488866.0,57076732.0
1785943594.6320293,mqtt_flood,1,18464,30815120,71056699.0,6669459062.0,53944199.0
1785943595.6591814,mqtt_flood,1,18334,32587128,72459430.0,6838143893.0,53573719.0
1785943596.6870658,mqtt_flood,1,17502,31510020,71764568.0,6727095681.0,53566156.0
1785943597.7133963,mqtt_flood,1,16700,31010044,71612533.0,6694015345.0,53783625.0
1785943598.737925,mqtt_flood,1,17440,31262154,71205763.0,6654912068.0,53292416.0
1785943599.7657309,mqtt_flood,1,18458,31073592,71240322.0,6765997113.0,54125179.0
1785943600.795126,mqtt_flood,1,18174,28999296,70907721.0,6532546818.0,54750422.0
1785943601.8219368,mqtt_flood,1,17368,32088248,71555707.0,6838008103.0,53103456.0
1785943602.846449,mqtt_flood,1,22148,31911018,72705720.0,6791899986.0,54818301.0
1785943603.8699708,mqtt_flood,1,45048,32762078,73432895.0,6255133374.0,55061725.0
1785943604.8991845,mqtt_flood,1,57048,77281550,71921856.0,5107830706.0,20064095.0
1785943605.9187026,mqtt_flood,1,50660,80708840,71518522.0,5261766993.0,17639942.0
1785943607.0298913,mqtt_flood,1,48964,77055238,72316959.0,5474031632.0,21458538.0
1785943608.110447,mqtt_flood,1,44296,68349938,77128810.0,7133198598.0,36554607.0
1785943610.6126506,mqtt_flood,1,33476,63857584,74842646.0,8832700873.0,43426622.0
1785943616.6304233,mqtt_flood,1,107268,146513814,1500651.0,316869759.0,953644.0
1785943617.6626143,mqtt_flood,1,742,39424,5755043.0,1003814998.0,4393904.0
1785943618.813407,mqtt_flood,1,11908,14916096,51699347.0,6865387642.0,34446823.0
1785943619.8458705,mqtt_flood,1,51798,92144032,72863698.0,5658992144.0,20346109.0
1785943620.8666708,mqtt_flood,1,35390,60282818,59859998.0,4570753462.0,11742451.0
1785943621.8893075,mqtt_flood,1,1952,8311908,897412.0,81084231.0,1020906.0
1785943626.538854,mqtt_flood,1,23522,32891050,70291705.0,8135699371.0,40299155.0
1785943627.7089283,mqtt_flood,1,32502,43011742,71425121.0,8105314382.0,61342861.0
1785943628.7777212,mqtt_flood,1,51312,95796478,72296560.0,5737359919.0,22592513.0
1785943630.1386883,mqtt_flood,1,56000,119431680,73012029.0,6146718557.0,19876217.0
1785943631.1582675,mqtt_flood,1,55472,115940156,77060804.0,7466071101.0,27804514.0
1785943632.1803815,mqtt_flood,1,42778,75570394,69738324.0,5313676155.0,13396289.0
1785943633.2066343,mqtt_flood,1,25200,26469850,69718676.0,7184364273.0,24596368.0
1785943634.2541354,mqtt_flood,1,64146,63254988,74639336.0,5655574298.0,35852090.0
1785943635.2736015,mqtt_flood,1,37136,36386484,68632727.0,6441919044.0,28807504.0
1785943636.2947614,mqtt_flood,1,27174,34124732,68011868.0,5859456093.0,25136757.0
1785943637.5162292,mqtt_flood,1,41590,37350858,70594281.0,7131447436.0,56704601.0
1785943638.9806745,mqtt_flood,1,32758,46064446,73780309.0,8848977001.0,50546462.0
1785943640.0190914,mqtt_flood,1,28740,25158406,74764376.0,8178778840.0,52580214.0
1785943641.0494568,mqtt_flood,1,29116,23763938,68660165.0,6043023801.0,67968724.0
1785943644.896291,mqtt_flood,1,55264,58640754,79730787.0,8373243099.0,46634819.0
1785943647.6598463,mqtt_flood,1,48644,61439130,69185405.0,7480531048.0,52150472.0
1785943648.7665882,mqtt_flood,1,65398,48892950,71409936.0,5482754000.0,52233219.0
1785943649.8912594,mqtt_flood,1,66886,38822560,71440018.0,5374666850.0,53433120.0
1785943652.4236634,mqtt_flood,1,7492,510726,66042743.0,5932767632.0,17222737.0
1785943653.443284,mqtt_flood,1,7532,443774,67768413.0,5767846962.0,13514019.0
1785943655.0094824,mqtt_flood,1,10492,9677368,78558385.0,9616682447.0,45621483.0
1785943656.0684268,mqtt_flood,1,46266,82640482,72881289.0,6053909740.0,25742435.0
1785943657.088329,mqtt_flood,1,44412,91961960,71580524.0,5700529773.0,32273639.0
1785943662.3308065,mqtt_flood,1,21038,23403376,75246222.0,8628846279.0,50828558.0
1785943663.360088,mqtt_flood,1,24194,41054040,71702330.0,7929641649.0,46891839.0
1785943664.3804648,mqtt_flood,1,45094,77678488,73008510.0,6093823032.0,25591781.0
1785943665.3994808,mqtt_flood,1,51346,79598412,72554784.0,5230077250.0,15496343.0
1785943666.5042443,mqtt_flood,1,53120,94068010,73186075.0,6288790507.0,26524857.0
1785943667.5432167,mqtt_flood,1,36712,35507264,70993300.0,7298563309.0,58574570.0
1785943668.601328,mqtt_flood,1,37598,27948782,75464575.0,7938046634.0,54055243.0
1785943670.1205418,mqtt_flood,1,36930,33930992,79587408.0,8407319267.0,60385652.0
1785943671.2058852,mqtt_flood,1,56808,36701322,75166743.0,5507066851.0,57925825.0
1785943674.0997646,mqtt_flood,1,48900,34768836,71725477.0,10381994153.0,63209087.0
1785943675.1351516,mqtt_flood,1,35514,25554638,68266277.0,9203078624.0,72087220.0
1785943676.3198147,mqtt_flood,1,54576,54770718,66063524.0,8599875480.0,45799529.0
1785943711.984124,mqtt_flood,1,85686,9807856,21645418.0,3433204683.0,19980275.0
1785943713.0379682,mqtt_flood,1,90,11436,22131356.0,3399638991.0,18638584.0
1785943714.053899,mqtt_flood,1,78,10560,19357103.0,2940777327.0,15414230.0
1785943715.0702777,mqtt_flood,1,78,10556,8690591.0,1267132143.0,7488171.0
1785943716.086727,mqtt_flood,1,78,10560,6522313.0,971873996.0,6200294.0
1785943717.1066546,mqtt_flood,1,42,8008,6827543.0,990660657.0,6035136.0
1785943718.1225865,mqtt_flood,1,44,8152,7068076.0,1100273076.0,6032845.0
1785943719.138527,mqtt_flood,1,44,8152,5712032.0,940577766.0,5176670.0
1785943720.1546462,mqtt_flood,1,44,8148,3136721.0,615789653.0,2937428.0
1785943721.170586,mqtt_flood,1,44,8152,7064384.0,944402698.0,5436690.0
1785943722.187106,mqtt_flood,1,44,8156,3676691.0,714213421.0,3844365.0
1785943723.2085264,mqtt_flood,1,44,8148,3333579.0,632741160.0,3180832.0
1785943724.2310078,mqtt_flood,1,44,8152,2980449.0,605505100.0,2929986.0
1785943725.252289,mqtt_flood,1,44,8156,3117380.0,648547356.0,3172326.0
1785943726.273847,mqtt_flood,1,44,8152,2845771.0,573345066.0,2909943.0
1785943727.290159,mqtt_flood,1,44,8152,1019597.0,391885863.0,1109202.0
1785943728.3062866,mqtt_flood,1,44,8156,899690.0,382110534.0,963707.0
1785943729.3223076,mqtt_flood,1,26,5990,862938.0,382182589.0,918348.0
1785943730.3381877,mqtt_flood,1,0,0,193825.0,49926827.0,157374.0
1785943731.629428,mqtt_flood,1,44,8152,4340583.0,655402452.0,2915249.0
1785943732.645155,mqtt_flood,1,0,0,73619.0,6771300.0,93984.0
1785943733.6608756,mqtt_flood,1,0,0,76192.0,7228110.0,82340.0
1785943734.676647,mqtt_flood,1,0,0,75336.0,6890391.0,85081.0
1785943735.69256,mqtt_flood,1,0,0,146936.0,16342924.0,139681.0
1785943739.0852003,mqtt_flood,1,80,14962,972808.0,398980042.0,1052468.0
1785943740.1122954,mqtt_flood,1,44,8152,1575009.0,556940608.0,1315050.0
1785943741.1354232,mqtt_flood,1,70,11668,3392450.0,609396334.0,2406968.0
1785943742.151333,mqtt_flood,1,44,8156,1977450.0,469689258.0,1572004.0
1785943743.167166,mqtt_flood,1,44,8152,899710.0,383155614.0,971818.0
1785943744.1834426,mqtt_flood,1,44,8152,881247.0,380255759.0,949307.0
1785943745.2001638,mqtt_flood,1,44,8152,882537.0,380179021.0,950036.0
1785943746.222571,mqtt_flood,1,44,8156,889944.0,383098964.0,967802.0
1785943747.245179,mqtt_flood,1,44,8152,1864083.0,518719041.0,1860740.0
1785943748.2734532,mqtt_flood,1,44,8148,3101735.0,706443595.0,2559151.0
1785943749.289497,mqtt_flood,1,44,8152,882654.0,381393521.0,962868.0
1785943750.305523,mqtt_flood,1,52,8658,997133.0,421012638.0,1021347.0
1785943751.3217697,mqtt_flood,1,44,8156,3497590.0,609116796.0,2535600.0
1785943752.3376153,mqtt_flood,1,44,8156,2034089.0,477457692.0,1623392.0
1785943753.3540027,mqtt_flood,1,44,8152,1477597.0,556986241.0,1213317.0
1785943754.380227,mqtt_flood,1,44,8148,897709.0,381643697.0,980139.0
1785943755.4022295,mqtt_flood,1,44,8156,889582.0,382370478.0,970871.0
1785943756.424367,mqtt_flood,1,44,8152,906810.0,384008321.0,984644.0
1785943757.4462209,mqtt_flood,1,44,8156,2500391.0,476558281.0,1418823.0
1785943758.4685998,mqtt_flood,1,44,8152,963413.0,422779258.0,996496.0
1785943759.4905615,mqtt_flood,1,44,8156,902433.0,382074715.0,969531.0
1785943760.5128565,mqtt_flood,1,44,8152,998380.0,422659589.0,1027308.0
1785943761.5345058,mqtt_flood,1,44,8156,4405663.0,662802416.0,2996195.0
1785943762.550356,mqtt_flood,1,44,8156,905098.0,383338127.0,991685.0
1785943763.566306,mqtt_flood,1,44,8156,889526.0,381972174.0,957950.0
1785943764.582302,mqtt_flood,1,44,8152,888930.0,380325825.0,951009.0
1785943765.5980265,mqtt_flood,1,44,8156,952931.0,390378562.0,1002907.0
1785943766.6138303,mqtt_flood,1,44,8152,2678592.0,536134782.0,1506763.0
1785943767.6296384,mqtt_flood,1,44,8152,1721536.0,418007294.0,1033900.0
1785945308.6120484,cpu_attack,1,232,20628,4698070.0,8145554412.0,4507943.0
1785945309.642573,cpu_attack,1,124,14246,3127066.0,8086513388.0,3343971.0
1785945310.6718972,cpu_attack,1,124,14242,5566050.0,8250551259.0,4845079.0
1785945311.7051194,cpu_attack,1,132,14862,3271665.0,8144628133.0,3250825.0
1785945312.732032,cpu_attack,1,132,14864,3157700.0,7744365512.0,3229509.0
1785945313.7598937,cpu_attack,1,124,14242,3075550.0,8072572323.0,3261216.0
1785945314.7961497,cpu_attack,1,132,14856,3118365.0,8111514587.0,3237596.0
1785945315.8324459,cpu_attack,1,134,14896,3036580.0,8149341805.0,3330759.0
1785945316.8684783,cpu_attack,1,116,13632,4145671.0,8167623166.0,3924672.0
1785945317.896187,cpu_attack,1,124,14240,2938613.0,7462247676.0,3025205.0
1785945318.9282901,cpu_attack,1,140,15464,3063452.0,8083933523.0,3279189.0
1785945319.9680462,cpu_attack,1,124,14248,3080754.0,8136992268.0,3296847.0
1785945321.0006154,cpu_attack,1,132,14844,6320280.0,8392249327.0,5053898.0
1785945322.028117,cpu_attack,1,124,14242,3065029.0,8107689612.0,3279756.0
1785945323.0680974,cpu_attack,1,132,14848,3034577.0,7718615392.0,3208389.0
1785945324.0909019,cpu_attack,1,124,14242,3084930.0,8076533205.0,3243994.0
1785945325.1303017,cpu_attack,1,124,14244,3134072.0,8111901741.0,3224129.0
1785945326.1569364,cpu_attack,1,124,14242,4294685.0,8181148746.0,3947378.0
1785945327.196179,cpu_attack,1,124,14248,3118637.0,8079979549.0,3234663.0
1785945328.2239861,cpu_attack,1,132,14856,3062218.0,7745429253.0,3241932.0
1785945329.25094,cpu_attack,1,132,14858,3168374.0,8102937260.0,3242859.0
1785945330.2879746,cpu_attack,1,132,14850,5563838.0,8203060404.0,4758566.0
1785945331.3200586,cpu_attack,1,124,14244,3222906.0,8103533617.0,3429359.0
1785945332.3474822,cpu_attack,1,124,14246,3134062.0,8135092862.0,3237127.0
1785945333.381502,cpu_attack,1,132,14862,3127153.0,7955602267.0,3225680.0
1785945334.4263232,cpu_attack,1,132,17720,3219319.0,8141918927.0,3231165.0
1785945335.4543736,cpu_attack,1,126,14808,3418599.0,8349976309.0,3595728.0
1785945336.485947,cpu_attack,1,166,18970,4257247.0,8168129730.0,3952846.0
1785945337.523882,cpu_attack,1,124,14246,3178273.0,8102150244.0,3187043.0
1785945338.551942,cpu_attack,1,124,14244,3133385.0,7324963735.0,3050765.0
1785945339.5808985,cpu_attack,1,138,15294,3171055.0,8123900679.0,3256673.0
1785945340.608239,cpu_attack,1,124,14250,5656097.0,8245798761.0,4750328.0
1785945341.6382008,cpu_attack,1,132,14860,3220388.0,8097262771.0,3361949.0
1785945342.6740234,cpu_attack,1,124,14250,3192133.0,8197238577.0,3288917.0
1785945343.7080326,cpu_attack,1,116,13634,3075363.0,7931781655.0,3181601.0
1785945344.7408435,cpu_attack,1,124,14250,3068423.0,8093934725.0,3281203.0
1785945345.77744,cpu_attack,1,132,14846,3078423.0,8146440350.0,3278360.0
1785945346.8080564,cpu_attack,1,124,14238,4316974.0,8179334737.0,3799659.0
1785945347.836773,cpu_attack,1,124,14252,3162066.0,8091481080.0,3170894.0
1785945348.869493,cpu_attack,1,132,14846,2999978.0,7512568495.0,3084680.0
1785945349.8979309,cpu_attack,1,132,14856,3664065.0,8017948082.0,3464115.0
1785945350.9321992,cpu_attack,1,124,14244,5744836.0,8364190024.0,4757345.0
1785945351.9631453,cpu_attack,1,124,14254,3126001.0,8093750778.0,3232082.0
1785945352.999855,cpu_attack,1,124,14238,3208974.0,8105928203.0,3163751.0
1785945354.0360837,cpu_attack,1,132,14850,3083620.0,8062529245.0,3247892.0
1785945355.0655563,cpu_attack,1,124,14240,3037725.0,7696409199.0,3104360.0
1785945356.0946505,cpu_attack,1,124,14244,3183229.0,8125408642.0,3239708.0
1785945357.1318119,cpu_attack,1,132,14858,4086552.0,8165951089.0,3884163.0
1785945358.1636536,cpu_attack,1,132,14856,3163581.0,8092421225.0,3210945.0
1785945359.1998968,cpu_attack,1,124,14246,3069901.0,8071906980.0,3318142.0
1785945360.2280734,cpu_attack,1,132,14854,3223917.0,7928995795.0,3248881.0
1785945361.2651958,cpu_attack,1,116,13632,5547695.0,8273185586.0,4913740.0
1785945362.291957,cpu_attack,1,124,14236,3172857.0,8088329755.0,3260297.0
1785945363.3183556,cpu_attack,1,116,13632,3768017.0,8201073259.0,3480715.0
1785945364.353329,cpu_attack,1,132,14858,3128441.0,8095390805.0,3258159.0
1785945365.3881044,cpu_attack,1,124,14248,3039402.0,7951495578.0,3278835.0
1785945366.4238946,cpu_attack,1,150,19504,3919980.0,8171387761.0,3761631.0
1785945367.4536815,cpu_attack,1,124,14240,3467108.0,8392540612.0,3440626.0
1785945368.4977038,cpu_attack,1,226,22144,3144991.0,8100235465.0,3508789.0
1785945369.526949,cpu_attack,1,124,14236,3044305.0,8062426891.0,3277765.0
1785945370.559953,cpu_attack,1,116,13636,5578573.0,7956362809.0,4588682.0
1785945371.5919096,cpu_attack,1,140,15464,3259294.0,8165074493.0,3289752.0
1785945372.6168127,cpu_attack,1,116,13636,3132228.0,8062054990.0,3228544.0
1785945373.6462367,cpu_attack,1,132,14852,3150503.0,8059553542.0,3281724.0
1785945374.6759257,cpu_attack,1,124,14240,3100845.0,8082914156.0,3234535.0
1785945375.719259,cpu_attack,1,124,14246,4488174.0,7518960583.0,3532447.0
1785945376.7561743,cpu_attack,1,142,15500,4271046.0,8181151650.0,3971624.0
1785945377.7841372,cpu_attack,1,124,14248,3831570.0,8243451553.0,3481355.0
1785945378.8082585,cpu_attack,1,124,14246,3033289.0,8072544670.0,3311366.0
1785945379.8431723,cpu_attack,1,132,14848,3085582.0,8120134536.0,3304707.0
1785945380.8679528,cpu_attack,1,132,14854,7547007.0,7928561118.0,5701377.0
1785945381.897616,cpu_attack,1,132,14856,3161366.0,8139916613.0,3273703.0
1785945382.9279869,cpu_attack,1,132,14856,3133499.0,8087142736.0,3261188.0
1785945383.9629664,cpu_attack,1,124,14244,3079394.0,8117706496.0,3261207.0
1785945385.0059578,cpu_attack,1,124,14248,3050027.0,8100932774.0,3554500.0
1785945386.0440955,cpu_attack,1,124,14254,3258500.0,7997480315.0,3207196.0
1785945387.0742574,cpu_attack,1,132,14856,4174831.0,8166205139.0,3980238.0
1785945388.107993,cpu_attack,1,132,14854,3195195.0,8153718053.0,3234865.0
1785945389.1409237,cpu_attack,1,132,14854,4768667.0,8182612940.0,3673451.0
1785945390.1700592,cpu_attack,1,116,13626,3127440.0,8095143929.0,3296746.0
1785945391.2045321,cpu_attack,1,132,14852,6368231.0,8266755913.0,5277101.0
1785945392.234422,cpu_attack,1,124,14242,3168554.0,8116764413.0,3252331.0
1785945393.2623122,cpu_attack,1,124,14234,3146189.0,8101700314.0,3212662.0
1785945394.2882762,cpu_attack,1,116,13632,3065252.0,8115078362.0,3281609.0
1785945395.3184447,cpu_attack,1,124,14240,3143419.0,8109121206.0,3204065.0
1785945396.3459425,cpu_attack,1,132,14852,3117984.0,7892940844.0,3185454.0
1785945397.3722084,cpu_attack,1,124,14246,4132835.0,8181443373.0,3950819.0
1785945398.4080548,cpu_attack,1,132,14852,3158971.0,8090584659.0,3290077.0
1785945399.4430947,cpu_attack,1,150,19482,3255084.0,8167997262.0,3277509.0
1785945400.4745607,cpu_attack,1,142,16534,3448170.0,8272022461.0,3547209.0
1785945401.5078073,cpu_attack,1,138,15884,5358313.0,7417872234.0,4567279.0
1785945402.53694,cpu_attack,1,132,14854,3527436.0,8202750464.0,3645055.0
1785945403.5676897,cpu_attack,1,124,14250,3089375.0,8100490635.0,3253473.0
1785945404.6040392,cpu_attack,1,132,14846,3142907.0,8132477983.0,3268153.0
1785945405.6301436,cpu_attack,1,132,14854,3696274.0,8235606461.0,3563344.0
1785945406.6598282,cpu_attack,1,124,14238,3113360.0,7589653508.0,3007456.0
1785945407.679974,cpu_attack,1,124,14252,4232985.0,8162438625.0,3768178.0
1785945408.7040114,cpu_attack,1,124,14240,3095308.0,8077057866.0,3237569.0
1785945409.7314227,cpu_attack,1,124,14240,3152693.0,8113339167.0,3210607.0
1785945410.7650707,cpu_attack,1,124,14242,5697595.0,8309136247.0,4731074.0
1785945411.804361,cpu_attack,1,132,14850,3137048.0,7723962024.0,3091217.0
1785945412.8391538,cpu_attack,1,132,14850,3092440.0,8100204505.0,3308406.0
1785945413.868005,cpu_attack,1,116,13636,3137126.0,8140284355.0,3158920.0
1785945414.9041007,cpu_attack,1,140,15456,3072468.0,8114864308.0,3277870.0
1785945415.9309597,cpu_attack,1,108,13030,3153924.0,8106360428.0,3224189.0
1785945416.9680915,cpu_attack,1,124,14236,4112021.0,7932491349.0,3833839.0
1785945418.0080614,cpu_attack,1,140,15470,3006261.0,7780993959.0,3161008.0
1785945419.0421817,cpu_attack,1,124,14230,3016546.0,8104536545.0,3307952.0
1785945420.0679958,cpu_attack,1,124,14246,3199302.0,8113731298.0,3187636.0
1785945421.1038423,cpu_attack,1,124,14248,6353567.0,8385357339.0,5125301.0
1785945422.1279435,cpu_attack,1,124,14240,3187945.0,8080165266.0,3181009.0
1785945423.1605809,cpu_attack,1,124,14250,2901712.0,7917255564.0,3197755.0
1785945424.1882653,cpu_attack,1,132,14852,3134414.0,8095404888.0,3237734.0
1785945425.2199574,cpu_attack,1,124,14242,3115750.0,8145755075.0,3248572.0
1785945426.2450836,cpu_attack,1,132,14852,3085841.0,8104987362.0,3291588.0
1785945427.273428,cpu_attack,1,124,14248,4272839.0,8181399065.0,3863531.0
1785945428.297146,cpu_attack,1,142,13486,2382271.0,3147052517.0,2215177.0
1785945429.3132741,cpu_attack,1,66,9316,1963163.0,411466537.0,1315018.0
1785945430.3293,cpu_attack,1,44,8152,996411.0,424162670.0,1031150.0
1785945431.3453739,cpu_attack,1,44,8156,3299086.0,572352844.0,2348854.0
